Filename,Title,Keywords,Category
1-20.10.2025-17:01:59.jpg,AI Generated Abstract Digital Art 1,"ai generated, artificial intelligence, digital art, abstract, modern, contemporary, creative, artistic, computer generated, neural network, deep learning, machine learning, futuristic, technology, digital, illustration, graphic design, background, pattern, colorful, vibrant",19
1-20.10.2025-17:20:27.jpg,AI Generated Abstract Digital Art 2,"ai generated, artificial intelligence, digital art, abstract, modern, contemporary, creative, artistic, computer generated, neural network, deep learning, machine learning, futuristic, technology, digital, illustration, graphic design, background, pattern, colorful, vibrant",19
1-20.10.2025-17:25:35.jpg,AI Generated Abstract Digital Art 3,"ai generated, artificial intelligence, digital art, abstract, modern, contemporary, creative, artistic, computer generated, neural network, deep learning, machine learning, futuristic, technology, digital, illustration, graphic design, background, pattern, colorful, vibrant",19
118-21.10.2025-06:01:22.jpg,AI Generated Abstract Digital Art 4,"ai generated, artificial intelligence, digital art, abstract, modern, contemporary, creative, artistic, computer generated, neural network, deep learning, machine learning, futuristic, technology, digital, illustration, graphic design, background, pattern, colorful, vibrant",19
119-21.10.2025-06:01:29.jpg,AI Generated Abstract Digital Art 5,"ai generated, artificial intelligence, digital art, abstract, modern, contemporary, creative, artistic, computer generated, neural network, deep learning, machine learning, futuristic, technology, digital, illustration, graphic design, background, pattern, colorful, vibrant",19
12-20.10.2025-17:29:05.jpg,AI Generated Abstract Digital Art 6,"ai generated, artificial intelligence, digital art, abstract, modern, contemporary, creative, artistic, computer generated, neural network, deep learning, machine learning, futuristic, technology, digital, illustration, graphic design, background, pattern, colorful, vibrant",19
120-21.10.2025-07:00:28.jpg,AI Generated Abstract Digital Art 7,"ai generated, artificial intelligence, digital art, abstract, modern, contemporary, creative, artistic, computer generated, neural network, deep learning, machine learning, futuristic, technology, digital, illustration, graphic design, background, pattern, colorful, vibrant",19
121-21.10.2025-07:00:36.jpg,AI Generated Abstract Digital Art 8,"ai generated, artificial intelligence, digital art, abstract, modern, contemporary, creative, artistic, computer generated, neural network, deep learning, machine learning, futuristic, technology, digital, illustration, graphic design, background, pattern, colorful, vibrant",19
122-21.10.2025-07:00:45.jpg,AI Generated Abstract Digital Art 9,"ai generated, artificial intelligence, digital art, abstract, modern, contemporary, creative, artistic, computer generated, neural network, deep learning, machine learning, futuristic, technology, digital, illustration, graphic design, background, pattern, colorful, vibrant",19
123-21.10.2025-07:00:52.jpg,AI Generated Abstract Digital Art 10,"ai generated, artificial intelligence, digital art, abstract, modern, contemporary, creative, artistic, computer generated, neural network, deep learning, machine learning, futuristic, technology, digital, illustration, graphic design, background, pattern, colorful, vibrant",19
124-21.10.2025-07:01:00.jpg,AI Generated Abstract Digital Art 11,"ai generated, artificial intelligence, digital art, abstract, modern, contemporary, creative, artistic, computer generated, neural network, deep learning, machine learning, futuristic, technology, digital, illustration, graphic design, background, pattern, colorful, vibrant",19
125-21.10.2025-07:01:07.jpg,AI Generated Abstract Digital Art 12,"ai generated, artificial intelligence, digital art, abstract, modern, contemporary, creative, artistic, computer generated, neural network, deep learning, machine learning, futuristic, technology, digital, illustration, graphic design, background, pattern, colorful, vibrant",19
126-21.10.2025-07:01:15.jpg,AI Generated Abstract Digital Art 13,"ai generated, artificial intelligence, digital art, abstract, modern, contemporary, creative, artistic, computer generated, neural network, deep learning, machine learning, futuristic, technology, digital, illustration, graphic design, background, pattern, colorful, vibrant",19
127-21.10.2025-07:01:22.jpg,AI Generated Abstract Digital Art 14,"ai generated, artificial intelligence, digital art, abstract, modern, contemporary, creative, artistic, computer generated, neural network, deep learning, machine learning, futuristic, technology, digital, illustration, graphic design, background, pattern, colorful, vibrant",19
128-21.10.2025-07:01:29.jpg,AI Generated Abstract Digital Art 15,"ai generated, artificial intelligence, digital art, abstract, modern, contemporary, creative, artistic, computer generated, neural network, deep learning, machine learning, futuristic, technology, digital, illustration, graphic design, background, pattern, colorful, vibrant",19
129-21.10.2025-07:01:35.jpg,AI Generated Abstract Digital Art 16,"ai generated, artificial intelligence, digital art, abstract, modern, contemporary, creative, artistic, computer generated, neural network, deep learning, machine learning, futuristic, technology, digital, illustration, graphic design, background, pattern, colorful, vibrant",19
13-20.10.2025-17:29:13.jpg,AI Generated Abstract Digital Art 17,"ai generated, artificial intelligence, digital art, abstract, modern, contemporary, creative, artistic, computer generated, neural network, deep learning, machine learning, futuristic, technology, digital, illustration, graphic design, background, pattern, colorful, vibrant",19
130-21.10.2025-07:01:42.jpg,AI Generated Abstract Digital Art 18,"ai generated, artificial intelligence, digital art, abstract, modern, contemporary, creative, artistic, computer generated, neural network, deep learning, machine learning, futuristic, technology, digital, illustration, graphic design, background, pattern, colorful, vibrant",19
131-21.10.2025-08:00:23.jpg,AI Generated Abstract Digital Art 19,"ai generated, artificial intelligence, digital art, abstract, modern, contemporary, creative, artistic, computer generated, neural network, deep learning, machine learning, futuristic, technology, digital, illustration, graphic design, background, pattern, colorful, vibrant",19
132-21.10.2025-08:00:32.jpg,AI Generated Abstract Digital Art 20,"ai generated, artificial intelligence, digital art, abstract, modern, contemporary, creative, artistic, computer generated, neural network, deep learning, machine learning, futuristic, technology, digital, illustration, graphic design, background, pattern, colorful, vibrant",19
